"A/cNumber","Name"
"104567","My company"
"201256","The Programming Group"
"105279","Users Hotel"
"308721","The Last Post"
"406654","Mikes Diner"
"203322","Simons Goods"
"307576","Johns Bikes"
"207649","Another account name"
"207650","Yet Another"
"207651","Fireworks"
"203578","Name_203578"
"203579","Name_203579"
"203580","Name_203580"
"203581","Name_203581"
"203582","Name_203582"
"203583","Name_203583"
"203584","Name_203584"
"203585","Name_203585"
"203586","Name_203586"
"203587","Name_203587"
"203588","Name_203588"
"203589","Name_203589"
"203590","Name_203590"
"203591","Name_203591"
"203592","Name_203592"
"409124","Name_409124"
"409125","Name_409125"
"409126","Name_409126"
"409127","Name_409127"
"409128","Name_409128"
"409129","Name_409129"
"409130","Name_409130"
"409131","Name_409131"
"409132","Name_409132"
"409133","Name_409133"
"409134","Name_409134"
"409135","Name_409135"
"409136","Name_409136"
"409137","Name_409137"
"409138","Name_409138"
"409139","Name_409139"
"409140","Name_409140"
"701111","Name_701111"
"701114","Name_701114"
"701117","Name_701117"
"701120","Name_701120"
"701123","Name_701123"
"701126","Name_701126"
"701129","Name_701129"
"701132","Name_701132"
"701135","Name_701135"
"701138","Name_701138"
"701141","Name_701141"
"701144","Name_701144"
"701147","Name_701147"
"701150","Name_701150"
"701153","Name_701153"
"701156","Name_701156"
"701159","Name_701159"
"701162","Name_701162"
"701165","Name_701165"
